{
    "diffusion_config":{
        "T": 200,
        "beta_0": 0.0001,
        "beta_T": 0.02
    },
    "wavenet_config": {
        "in_channels": 12,
        "out_channels": 12,
        "num_res_layers": 36,
        "res_channels": 256,
        "skip_channels": 256,
        "dilation_cycle": 12,
        "diffusion_step_embed_dim_in": 128,
        "diffusion_step_embed_dim_mid": 512,
        "diffusion_step_embed_dim_out": 512
    },
    "train_config": {
        "output_directory": "/",
        "ckpt_iter": "max",
        "iters_per_ckpt": 100,
        "iters_per_logging": 100,
        "n_iters": 200000,
        "learning_rate": 2e-4,
        "only_generate_missing": 1,
        "use_model": 0,
        "masking": "bm",
        "missing_k": 200
    },
    "trainset_config":{
        "data_path": "/",
        "segment_length": 248,
        "sampling_rate": 100
    },
    "gen_config":{
        "output_directory": "/",
        "ckpt_path": "/"
    }
}
